weight,rating,height,age,category,color,rented for
-1.3416407864998738,1.4605934866804438,-1.0690449676496976,-1.2362450755382013,0,2,1
-0.4472135954999579,-1.0954451150103313,-0.5345224838248488,0.13736056394868904,1,0,0
0.4472135954999579,0.36514837167011255,0.0,1.5109662034355793,0,1,1
1.3416407864998738,-0.7302967433402203,1.6035674514745464,-0.4120816918460671,2,2,0
